depth,dose,ssd,field_size
0,0,100,10
0.025012,27.40887927,100,10
0.050023,32.11526982,100,10
0.075035,36.82167776,100,10
0.100047,41.52810332,100,10
0.125058,46.23454651,100,10
0.15007,50.94100708,100,10
0.175082,55.64748528,100,10
0.200093,60.3539811,100,10
0.225105,65.06049455,100,10
0.250116,69.76702538,100,10
0.275128,72.73626162,100,10
0.30014,74.09660637,100,10
0.325151,75.45695186,100,10
0.350163,76.81729783,100,10
0.375175,78.17764454,100,10
0.400186,79.53799174,100,10
0.425198,80.89833967,100,10
0.45021,82.2586881,100,10
0.475221,83.61903725,100,10
0.500233,84.9793869,100,10
0.525245,86.14254718,100,10
0.550256,87.12612203,100,10
0.575268,88.10969957,100,10
0.600279,89.09328029,100,10
0.625291,90.0768642,100,10
0.650303,91.0604508,100,10
0.675314,92.04404083,100,10
0.700326,93.02763355,100,10
0.725338,94.01122945,100,10
0.750349,94.99482829,100,10
0.775361,95.61517304,100,10
0.800373,95.91017357,100,10
0.825384,96.20517386,100,10
0.850396,96.50017439,100,10
0.875408,96.79517491,100,10
0.900419,97.0901752,100,10
0.925431,97.38517573,100,10
0.950443,97.68017626,100,10
0.975454,97.97517654,100,10
1.000466,98.27017707,100,10
1.025477,98.4940382,100,10
1.050489,98.65524169,100,10
1.075501,98.81644469,100,10
1.100512,98.97764719,100,10
1.125524,99.13884897,100,10
1.150536,99.30005001,100,10
1.175547,99.46125056,100,10
1.200559,99.62245062,100,10
1.225571,99.78364994,100,10
1.250582,99.94484878,100,10
1.275594,100,100,10
1.300606,99.96330049,100,10
1.325617,99.92660123,100,10
1.350629,99.88990197,100,10
1.375641,99.85320247,100,10
1.400652,99.81650321,100,10
1.425664,99.77980395,100,10
1.450675,99.74310444,100,10
1.475687,99.70640518,100,10
1.500699,99.66970592,100,10
1.52571,99.62056777,100,10
1.550722,99.56083538,100,10
1.575734,99.50110201,100,10
1.600745,99.44136816,100,10
1.625757,99.38163381,100,10
1.650769,99.32189873,100,10
1.67578,99.26216316,100,10
1.700792,99.20242686,100,10
1.725804,99.14269007,100,10
1.750815,99.08295254,100,10
1.775827,98.99734378,100,10
1.800838,98.89006696,100,10
1.82585,98.78279015,100,10
1.850862,98.67551334,100,10
1.875873,98.56823652,100,10
1.900885,98.46095971,100,10
1.925897,98.35368289,100,10
1.950908,98.24640608,100,10
1.97592,98.13912926,100,10
2.000932,98.0318527,100,10
2.025943,97.92405737,100,10
2.050955,97.81583509,100,10
2.075967,97.70761208,100,10
2.100978,97.59938858,100,10
2.12599,97.49116434,100,10
2.151002,97.38293937,100,10
2.176013,97.27471391,100,10
2.201025,97.16648796,100,10
2.226036,97.05826128,100,10
2.251048,96.9500341,100,10
2.27606,96.83198728,100,10
2.301071,96.70598847,100,10
2.326083,96.57998992,100,10
2.351095,96.45399136,100,10
2.376106,96.3279928,100,10
2.401118,96.20199424,100,10
2.42613,96.07599568,100,10
2.451141,95.94999712,100,10
2.476153,95.82399856,100,10
2.501165,95.69800001,100,10
2.526176,95.57203768,100,10
2.551188,95.44610081,100,10
2.576199,95.32015905,100,10
2.601211,95.19421239,100,10
2.626223,95.06826084,100,10
2.651234,94.94230439,100,10
2.676246,94.81634328,100,10
2.701258,94.69037729,100,10
2.726269,94.56440639,100,10
2.751281,94.4384306,100,10
2.776293,94.30898582,100,10
2.801304,94.1768278,100,10
2.826316,94.04467002,100,10
2.851328,93.91251199,100,10
2.876339,93.78035421,100,10
2.901351,93.64819619,100,10
2.926363,93.5160384,100,10
2.951374,93.38388038,100,10
2.976386,93.2517226,100,10
3.001397,93.11956457,100,10
3.026409,92.99269815,100,10
3.051421,92.8699032,100,10
3.076432,92.74710556,100,10
3.101444,92.62430547,100,10
3.126456,92.50150293,100,10
3.151467,92.37869819,100,10
3.176479,92.255891,100,10
3.201491,92.13308136,100,10
3.226502,92.01026927,100,10
3.251514,91.88745474,100,10
3.276526,91.76175901,100,10
3.301537,91.6338847,100,10
3.326549,91.50601015,100,10
3.35156,91.3781356,100,10
3.376572,91.25026105,100,10
3.401584,91.12238649,100,10
3.426595,90.99451194,100,10
3.451607,90.86663739,100,10
3.476619,90.73876284,100,10
3.50163,90.61088829,100,10
3.526642,90.48753933,100,10
3.551654,90.36755628,100,10
3.576665,90.24757178,100,10
3.601677,90.12758629,100,10
3.626689,90.00759957,100,10
3.6517,89.88761164,100,10
3.676712,89.76762247,100,10
3.701724,89.64763233,100,10
3.726735,89.52764072,100,10
3.751747,89.40764789,100,10
3.776758,89.28416282,100,10
3.80177,89.15812386,100,10
3.826782,89.03208491,100,10
3.851793,88.9060462,100,10
3.876805,88.78000725,100,10
3.901817,88.6539683,100,10
3.926828,88.52792959,100,10
3.95184,88.40189064,100,10
3.976852,88.27585169,100,10
4.001863,88.14981273,100,10
4.026875,88.02820708,100,10
4.051887,87.90978839,100,10
4.076898,87.79136896,100,10
4.10191,87.67294904,100,10
4.126922,87.55452839,100,10
4.151933,87.43610725,100,10
4.176945,87.31768537,100,10
4.201956,87.19926301,100,10
4.226968,87.08083991,100,10
4.25198,86.96241656,100,10
4.276991,86.84024784,100,10
4.302003,86.71543295,100,10
4.327015,86.59061806,100,10
4.352026,86.46580316,100,10
4.377038,86.34098827,100,10
4.40205,86.21617338,100,10
4.427061,86.09135848,100,10
4.452073,85.96654335,100,10
4.477085,85.84172845,100,10
4.502096,85.71691356,100,10
4.527108,85.59674152,100,10
4.552119,85.47979391,100,10
4.577131,85.36284506,100,10
4.602143,85.24589524,100,10
4.627154,85.12894395,100,10
4.652166,85.01199168,100,10
4.677178,84.89503794,100,10
4.702189,84.77808323,100,10
4.727201,84.66112704,100,10
4.752213,84.54416987,100,10
4.777224,84.42348471,100,10
4.802236,84.30025522,100,10
4.827248,84.17702646,100,10
4.852259,84.0537982,100,10
4.877271,83.93057066,100,10
4.902283,83.80734362,100,10
4.927294,83.68411731,100,10
4.952306,83.56089149,100,10
4.977317,83.43766616,100,10
5.002329,83.31444157,100,10
5.027341,83.19591858,100,10
5.052352,83.08055025,100,10
5.077364,82.96518093,100,10
5.102376,82.84981137,100,10
5.127387,82.73444108,100,10
5.152399,82.61907005,100,10
5.177411,82.50369853,100,10
5.202422,82.38832627,100,10
5.227434,82.27295353,100,10
5.252446,82.1575803,100,10
5.277457,82.03887933,100,10
5.302469,81.91798412,100,10
5.32748,81.79708794,100,10
5.352492,81.67619126,100,10
5.377504,81.55529409,100,10
5.402515,81.43439619,100,10
5.427527,81.31349779,100,10
5.452539,81.19259867,100,10
5.47755,81.0716988,100,10
5.502562,80.95079845,100,10
5.527574,80.83380628,100,10
5.552585,80.71934644,100,10
5.577597,80.60488611,100,10
5.602609,80.49042505,100,10
5.62762,80.37596349,100,10
5.652632,80.26150145,100,10
5.677644,80.14703867,100,10
5.702655,80.03257516,100,10
5.727667,79.9181114,100,10
5.752678,79.80364667,100,10
5.77769,79.68641262,100,10
5.802702,79.56741495,100,10
5.827713,79.44841727,100,10
5.852725,79.3294196,100,10
5.877737,79.21042193,100,10
5.902748,79.09142425,100,10
5.92776,78.97242658,100,10
5.952772,78.85342891,100,10
5.977783,78.73443123,100,10
6.002795,78.61543356,100,10
6.027807,78.50073283,100,10
6.052818,78.38872062,100,10
6.07783,78.27670767,100,10
6.102841,78.16469399,100,10
6.127853,78.05267982,100,10
6.152865,77.94066516,100,10
6.177876,77.82864977,100,10
6.202888,77.71663389,100,10
6.2279,77.60461727,100,10
6.252911,77.49260016,100,10
6.277923,77.37777776,100,10
6.302935,77.26123114,100,10
6.327946,77.14468452,100,10
6.352958,77.02813791,100,10
6.37797,76.91159129,100,10
6.402981,76.79504467,100,10
6.427993,76.67849781,100,10
6.453005,76.5619512,100,10
6.478016,76.44540458,100,10
6.503028,76.32885796,100,10
6.528039,76.21652089,100,10
6.553051,76.10672667,100,10
6.578063,75.99693221,100,10
6.603074,75.88713775,100,10
6.628086,75.77734354,100,10
6.653098,75.66754908,100,10
6.678109,75.55775462,100,10
6.703121,75.4479604,100,10
6.728133,75.33816594,100,10
6.753144,75.22837148,100,10
6.778156,75.11582828,100,10
6.803168,75.00165364,100,10
6.828179,74.88747827,100,10
6.853191,74.77330217,100,10
6.878203,74.65912582,100,10
6.903214,74.5449485,100,10
6.928226,74.43077068,100,10
6.953237,74.31659237,100,10
6.978249,74.20241333,100,10
7.003261,74.0882338,100,10
7.028272,73.97881488,100,10
7.053284,73.8721714,100,10
7.078296,73.76552865,100,10
7.103307,73.65888639,100,10
7.128319,73.55224461,100,10
7.153331,73.44560358,100,10
7.178342,73.33896327,100,10
7.203354,73.23232346,100,10
7.228366,73.12568413,100,10
7.253377,73.01904554,100,10
7.278389,72.90800205,100,10
7.3034,72.79443578,100,10
7.328412,72.68086926,100,10
7.353424,72.567302,100,10
7.378435,72.45373401,100,10
7.403447,72.34016553,100,10
7.428459,72.22659656,100,10
7.45347,72.11302686,100,10
7.478482,71.99945642,100,10
7.503494,71.88588549,100,10
7.528505,71.77610327,100,10
7.553517,71.66845141,100,10
7.578529,71.56079954,100,10
7.60354,71.45314743,100,10
7.628552,71.34549556,100,10
7.653564,71.2378437,100,10
7.678575,71.13019183,100,10
7.703587,71.02253972,100,10
7.728598,70.91488785,100,10
7.75361,70.80723599,100,10
7.778622,70.6974714,100,10
7.803633,70.58654125,100,10
7.828645,70.47561185,100,10
7.853657,70.36468268,100,10
7.878668,70.2537545,100,10
7.90368,70.14282656,100,10
7.928692,70.03189936,100,10
7.953703,69.92097289,100,10
7.978715,69.81004691,100,10
8.003727,69.69912166,100,10
8.028738,69.59264685,100,10
8.05375,69.48858417,100,10
8.078761,69.384521,100,10
8.103773,69.2804571,100,10
8.128785,69.17639271,100,10
8.153796,69.07232758,100,10
8.178808,68.96826172,100,10
8.20382,68.86419561,100,10
8.228831,68.76012853,100,10
8.253843,68.6560612,100,10
8.278855,68.54985543,100,10
8.303866,68.44251227,100,10
8.328878,68.33516887,100,10
8.35389,68.22782547,100,10
8.378901,68.12048207,100,10
8.403913,68.01313891,100,10
8.428925,67.9057955,100,10
8.453936,67.7984521,100,10
8.478948,67.6911087,100,10
8.503959,67.58376529,100,10
8.528971,67.48098886,100,10
8.553983,67.38059811,100,10
8.578994,67.28020688,100,10
8.604006,67.17981491,100,10
8.629018,67.07942245,100,10
8.654029,66.9790295,100,10
8.679041,66.87863582,100,10
8.704053,66.7782414,100,10
8.729064,66.67784649,100,10
8.754076,66.57745109,100,10
8.779088,66.47455935,100,10
8.804099,66.37038822,100,10
8.829111,66.26621733,100,10
8.854122,66.16204743,100,10
8.879134,66.05787801,100,10
8.904146,65.95370908,100,10
8.929157,65.84954065,100,10
8.954169,65.74537319,100,10
8.979181,65.64120597,100,10
9.004192,65.53703949,100,10
9.029204,65.43727694,100,10
9.054216,65.33972944,100,10
9.079227,65.24217998,100,10
9.104239,65.1446288,100,10
9.129251,65.04707592,100,10
9.154262,64.94952107,100,10
9.179274,64.85196452,100,10
9.204286,64.75440624,100,10
9.229297,64.65684601,100,10
9.254309,64.55928382,100,10
9.27932,64.45948161,100,10
9.304332,64.35857284,100,10
9.329344,64.25766407,100,10
9.354355,64.1567553,100,10
9.379367,64.05584654,100,10
9.404379,63.95493777,100,10
9.42939,63.854029,100,10
9.454402,63.75312023,100,10
9.479414,63.65221147,100,10
9.504425,63.5513027,100,10
9.529437,63.45445022,100,10
9.554449,63.35956358,100,10
9.57946,63.26467645,100,10
9.604472,63.16978859,100,10
9.629484,63.07490023,100,10
9.654495,62.98001115,100,10
9.679507,62.88512157,100,10
9.704518,62.7902315,100,10
9.72953,62.6953407,100,10
9.754542,62.60044916,100,10
9.779553,62.50347697,100,10
9.804565,62.40551476,100,10
9.829577,62.30755181,100,10
9.854588,62.20958813,100,10
9.8796,62.11162396,100,10
9.904612,62.0136593,100,10
9.929623,61.91569391,100,10
9.954635,61.81772778,100,10
9.979647,61.71976116,100,10
10.004658,61.62179406,100,10
10.02967,61.5276749,100,10
10.054681,61.43535169,100,10
10.079693,61.34302847,100,10
10.104705,61.25070526,100,10
10.129716,61.15838204,100,10
10.154728,61.06605858,100,10
10.17974,60.97373537,100,10
10.204751,60.88141215,100,10
10.229763,60.78908894,100,10
10.254775,60.69676573,100,10
10.279786,60.60246247,100,10
10.304798,60.50725219,100,10
10.32981,60.41204118,100,10
10.354821,60.31682967,100,10
10.379833,60.22161768,100,10
10.404845,60.12640495,100,10
10.429856,60.03119148,100,10
10.454868,59.93597753,100,10
10.479879,59.84076309,100,10
10.504891,59.74554791,100,10
10.529903,59.65372117,100,10
10.554914,59.56341545,100,10
10.579926,59.473109,100,10
10.604938,59.38280206,100,10
10.629949,59.29249438,100,10
10.654961,59.20218621,100,10
10.679973,59.11187731,100,10
10.704984,59.02156792,100,10
10.729996,58.93125779,100,10
10.755008,58.84094717,100,10
10.780019,58.7495376,100,10
10.805031,58.65764501,100,10
10.830042,58.56575291,100,10
10.855054,58.47386154,100,10
10.880066,58.38197066,100,10
10.905077,58.29008052,100,10
10.930089,58.19819087,100,10
10.955101,58.10630195,100,10
10.980112,58.01441352,100,10
11.005124,57.92252583,100,10
11.030136,57.83388262,100,10
11.055147,57.74663975,100,10
11.080159,57.65939589,100,10
11.105171,57.57215154,100,10
11.130182,57.4849067,100,10
11.155194,57.39766138,100,10
11.180206,57.31041507,100,10
11.205217,57.22316852,100,10
11.230229,57.13592124,100,10
11.25524,57.04867322,100,10
11.280252,56.95957907,100,10
11.305264,56.86970373,100,10
11.330275,56.77982864,100,10
11.355287,56.6899533,100,10
11.380299,56.6000782,100,10
11.40531,56.51020286,100,10
11.430322,56.42032776,100,10
11.455334,56.33045242,100,10
11.480345,56.24057733,100,10
11.505357,56.15070199,100,10
11.530369,56.06441583,100,10
11.55538,55.97961765,100,10
11.580392,55.89481897,100,10
11.605404,55.81001981,100,10
11.630415,55.72521991,100,10
11.655427,55.64041927,100,10
11.680438,55.55561815,100,10
11.70545,55.47081653,100,10
11.730462,55.38601418,100,10
11.755473,55.3012111,100,10
11.780485,55.21466202,100,10
11.805497,55.12740274,100,10
11.830508,55.04014272,100,10
11.85552,54.95288222,100,10
11.880532,54.86562098,100,10
11.905543,54.77835925,100,10
11.930555,54.69109679,100,10
11.955567,54.60383383,100,10
11.980578,54.51657015,100,10
12.00559,54.42930597,100,10
12.030601,54.34577297,100,10
12.055613,54.26372525,100,10
12.080625,54.18167728,100,10
12.105636,54.09962833,100,10
12.130648,54.01757889,100,10
12.15566,53.93552896,100,10
12.180671,53.8534783,100,10
12.205683,53.77142715,100,10
12.230695,53.68937526,100,10
12.255706,53.60732288,100,10
12.280718,53.52217094,100,10
12.30573,53.43581012,100,10
12.330741,53.34944979,100,10
12.355753,53.26309044,100,10
12.380765,53.17673133,100,10
12.405776,53.09037296,100,10
12.430788,53.00401532,100,10
12.455799,52.91765817,100,10
12.480811,52.83130151,100,10
12.505823,52.74494559,100,10
12.530834,52.66158983,100,10
12.555846,52.57938053,100,10
12.580858,52.49717123,100,10
12.605869,52.41496193,100,10
12.630881,52.33275238,100,10
12.655893,52.25054308,100,10
12.680904,52.16833378,100,10
12.705916,52.08612448,100,10
12.730928,52.00391518,100,10
12.755939,51.92170588,100,10
12.780951,51.83826689,100,10
12.805962,51.75436716,100,10
12.830974,51.67046694,100,10
12.855986,51.58656624,100,10
12.880997,51.5026648,100,10
12.906009,51.41876262,100,10
12.931021,51.33485996,100,10
12.956032,51.2509568,100,10
12.981044,51.16705291,100,10
13.006056,51.08314829,100,10
13.031067,51.00329212,100,10
13.056079,50.92491976,100,10
13.081091,50.84654788,100,10
13.106102,50.76817674,100,10
13.131114,50.68980609,100,10
13.156126,50.61143617,100,10
13.181137,50.53306675,100,10
13.206149,50.45469806,100,10
13.23116,50.37632985,100,10
13.256172,50.29796214,100,10
13.281184,50.21822911,100,10
13.306195,50.13800572,100,10
13.331207,50.05778185,100,10
13.356219,49.97755724,100,10
13.38123,49.89733189,100,10
13.406242,49.8171063,100,10
13.431254,49.73687973,100,10
13.456265,49.65665267,100,10
13.481277,49.57642512,100,10
13.506289,49.49619684,100,10
13.5313,49.41949703,100,10
13.556312,49.34403573,100,10
13.581323,49.26857442,100,10
13.606335,49.19311311,100,10
13.631347,49.11765181,100,10
13.656358,49.0421905,100,10
13.68137,48.9667292,100,10
13.706382,48.89126789,100,10
13.731393,48.81580658,100,10
13.756405,48.74034528,100,10
13.781417,48.66363665,100,10
13.806428,48.58650035,100,10
13.83144,48.50936453,100,10
13.856452,48.43222944,100,10
13.881463,48.35509509,100,10
13.906475,48.27796098,100,10
13.931487,48.20082786,100,10
13.956498,48.12369498,100,10
13.98151,48.04656307,100,10
14.006521,47.96943142,100,10
14.031533,47.89538953,100,10
14.056545,47.82238516,100,10
14.081556,47.74938103,100,10
14.106568,47.67637665,100,10
14.13158,47.60337252,100,10
14.156591,47.53036815,100,10
14.181603,47.45736402,100,10
14.206615,47.38435965,100,10
14.231626,47.31135527,100,10
14.256638,47.23835114,100,10
14.28165,47.16419199,100,10
14.306661,47.08965363,100,10
14.331673,47.01511502,100,10
14.356685,46.94057665,100,10
14.381696,46.86603804,100,10
14.406708,46.79149968,100,10
14.431719,46.71696107,100,10
14.456731,46.6424227,100,10
14.481743,46.56788434,100,10
14.506754,46.49334573,100,10
14.531766,46.42182687,100,10
14.556778,46.35127771,100,10
14.581789,46.28072856,100,10
14.606801,46.2101794,100,10
14.631813,46.13963,100,10
14.656824,46.06908085,100,10
14.681836,45.99853169,100,10
14.706848,45.92798254,100,10
14.731859,45.85743338,100,10
14.756871,45.78688423,100,10
14.781882,45.71516658,100,10
14.806894,45.64308221,100,10
14.831906,45.57099784,100,10
14.856917,45.49891347,100,10
14.881929,45.4268291,100,10
14.906941,45.35474473,100,10
14.931952,45.28266036,100,10
14.956964,45.21057599,100,10
14.981976,45.13849162,100,10
15.006987,45.06640724,100,10
15.031999,44.99714115,100,10
15.057011,44.92873973,100,10
15.082022,44.86033855,100,10
15.107034,44.79193713,100,10
15.132046,44.72353595,100,10
15.157057,44.65513453,100,10
15.182069,44.58673311,100,10
15.20708,44.51833194,100,10
15.232092,44.44993052,100,10
15.257104,44.38152909,100,10
15.282115,44.3119467,100,10
15.307127,44.24201031,100,10
15.332139,44.17207392,100,10
15.35715,44.10213728,100,10
15.382162,44.03220089,100,10
15.407174,43.9622645,100,10
15.432185,43.89232811,100,10
15.457197,43.82239172,100,10
15.482209,43.75245533,100,10
15.50722,43.68251869,100,10
15.532232,43.61552322,100,10
15.557243,43.54938803,100,10
15.582255,43.48325209,100,10
15.607267,43.41711567,100,10
15.632278,43.35097876,100,10
15.65729,43.28484112,100,10
15.682302,43.21870274,100,10
15.707313,43.15256387,100,10
15.732325,43.08642451,100,10
15.757337,43.02028442,100,10
15.782348,42.95286053,100,10
15.80736,42.88506991,100,10
15.832372,42.8172793,100,10
15.857383,42.74948868,100,10
15.882395,42.68169807,100,10
15.907407,42.61390745,100,10
15.932418,42.54611684,100,10
15.95743,42.47832622,100,10
15.982441,42.41053561,100,10
16.007453,42.34274499,100,10
16.032465,42.27792076,100,10
16.057476,42.21392351,100,10
16.082488,42.14992552,100,10
16.1075,42.08592704,100,10
16.132511,42.02192783,100,10
16.157523,41.95792788,100,10
16.182535,41.89392768,100,10
16.207546,41.82992676,100,10
16.232558,41.7659251,100,10
16.25757,41.70192294,100,10
16.282581,41.63686933,100,10
16.307593,41.57152977,100,10
16.332604,41.50619021,100,10
16.357616,41.44085065,100,10
16.382628,41.37551085,100,10
16.407639,41.31017129,100,10
16.432651,41.24483173,100,10
16.457663,41.17949217,100,10
16.482674,41.11415261,100,10
16.507686,41.04881305,100,10
16.532698,40.98638309,100,10
16.557709,40.92472525,100,10
16.582721,40.86306767,100,10
16.607733,40.80140983,100,10
16.632744,40.73975224,100,10
16.657756,40.67809441,100,10
16.682768,40.61643682,100,10
16.707779,40.55477899,100,10
16.732791,40.4931214,100,10
16.757802,40.43146357,100,10
16.782814,40.36842647,100,10
16.807826,40.3050317,100,10
16.832837,40.24163643,100,10
16.857849,40.17824044,100,10
16.882861,40.11484395,100,10
16.907872,40.05144673,100,10
16.932884,39.98804902,100,10
16.957896,39.92465057,100,10
16.982907,39.86125164,100,10
17.007919,39.79785221,100,10
17.032931,39.73731121,100,10
17.057942,39.67749143,100,10
17.082954,39.61767164,100,10
17.107966,39.55785186,100,10
17.132977,39.49803183,100,10
17.157989,39.43821204,100,10
17.183,39.37839226,100,10
17.208012,39.31857247,100,10
17.233024,39.25875269,100,10
17.258035,39.1989329,100,10
17.283047,39.13714312,100,10
17.308059,39.07486909,100,10
17.33307,39.01259531,100,10
17.358082,38.95032154,100,10
17.383094,38.88804751,100,10
17.408105,38.82577373,100,10
17.433117,38.76349995,100,10
17.458129,38.70122593,100,10
17.48314,38.63895215,100,10
17.508152,38.57667813,100,10
17.533163,38.516957,100,10
17.558175,38.45784594,100,10
17.583187,38.3987344,100,10
17.608198,38.33962212,100,10
17.63321,38.28050935,100,10
17.658222,38.22139585,100,10
17.683233,38.16228186,100,10
17.708245,38.10316713,100,10
17.733257,38.04405192,100,10
17.758268,37.98493597,100,10
17.78328,37.92499843,100,10
17.808292,37.86486944,100,10
17.833303,37.80474046,100,10
17.858315,37.74461148,100,10
17.883327,37.6844825,100,10
17.908338,37.62435351,100,10
17.93335,37.56422453,100,10
17.958361,37.50409555,100,10
17.983373,37.44396657,100,10
18.008385,37.38383759,100,10
18.033396,37.32678369,100,10
18.058408,37.27042627,100,10
18.08342,37.21406837,100,10
18.108431,37.1577095,100,10
18.133443,37.10135037,100,10
18.158455,37.04499051,100,10
18.183466,36.98862992,100,10
18.208478,36.93226884,100,10
18.23349,36.87590727,100,10
18.258501,36.81954496,100,10
18.283513,36.7621045,100,10
18.308524,36.70442657,100,10
18.333536,36.64674865,100,10
18.358548,36.58907072,100,10
18.383559,36.53139255,100,10
18.408571,36.47371463,100,10
18.433583,36.4160367,100,10
18.458594,36.35835878,100,10
18.483606,36.30068085,100,10
18.508618,36.24300292,100,10
18.533629,36.18810435,100,10
18.558641,36.1338014,100,10
18.583653,36.07949845,100,10
18.608664,36.02519526,100,10
18.633676,35.97089231,100,10
18.658688,35.91658911,100,10
18.683699,35.86228616,100,10
18.708711,35.80798297,100,10
18.733722,35.75368002,100,10
18.758734,35.69937707,100,10
18.783746,35.64405864,100,10
18.808757,35.58852943,100,10
18.833769,35.53299998,100,10
18.858781,35.47747052,100,10
18.883792,35.42194106,100,10
18.908804,35.36641161,100,10
18.933816,35.31088215,100,10
18.958827,35.25535269,100,10
18.983839,35.19982299,100,10
19.008851,35.14429353,100,10
19.033862,35.09138038,100,10
19.058874,35.03899505,100,10
19.083886,34.98660897,100,10
19.108897,34.93422241,100,10
19.133909,34.88183512,100,10
19.15892,34.82944733,100,10
19.183932,34.77705905,100,10
19.208944,34.72467005,100,10
19.233955,34.6722803,100,10
19.258967,34.61989007,100,10
19.283979,34.56660798,100,10
19.30899,34.51315184,100,10
19.334002,34.45969618,100,10
19.359014,34.40624102,100,10
19.384025,34.35278659,100,10
19.409037,34.29933289,100,10
19.434049,34.24587968,100,10
19.45906,34.19242697,100,10
19.484072,34.13897498,100,10
19.509083,34.08552349,100,10
19.534095,34.03451106,100,10
19.559107,33.98396132,100,10
19.584118,33.93341109,100,10
19.60913,33.88286013,100,10
19.634142,33.83230868,100,10
19.659153,33.78175674,100,10
19.684165,33.73120406,100,10
19.709177,33.68065065,100,10
19.734188,33.63009675,100,10
19.7592,33.57954236,100,10
19.784212,33.52789269,100,10
19.809223,33.47604104,100,10
19.834235,33.42418964,100,10
19.859247,33.37233799,100,10
19.884258,33.32048658,100,10
19.90927,33.26863518,100,10
19.934281,33.21678353,100,10
19.959293,33.16493213,100,10
19.984305,33.11308048,100,10
20.009316,33.06122884,100,10
20.034328,33.01172151,100,10
20.05934,32.96263207,100,10
20.084351,32.91354264,100,10
20.109363,32.8644532,100,10
20.134375,32.81536377,100,10
20.159386,32.76627433,100,10
20.184398,32.7171849,100,10
20.20941,32.66809546,100,10
20.234421,32.61900603,100,10
20.259433,32.56991659,100,10
20.284444,32.5197823,100,10
20.309456,32.46946783,100,10
20.334468,32.41915335,100,10
20.359479,32.36883888,100,10
20.384491,32.31852441,100,10
20.409503,32.26820993,100,10
20.434514,32.2178957,100,10
20.459526,32.16758123,100,10
20.484538,32.11726676,100,10
20.509549,32.06695228,100,10
20.534561,32.01931605,100,10
20.559573,31.97212611,100,10
20.584584,31.92493568,100,10
20.609596,31.87774452,100,10
20.634608,31.83055286,100,10
20.659619,31.78336072,100,10
20.684631,31.73616784,100,10
20.709642,31.68897448,100,10
20.734654,31.64178038,100,10
20.759666,31.59458578,100,10
20.784677,31.54623666,100,10
20.809689,31.49770221,100,10
20.834701,31.44916826,100,10
20.859712,31.40063503,100,10
20.884724,31.3521023,100,10
20.909736,31.3035703,100,10
20.934747,31.25503879,100,10
20.959759,31.20650778,100,10
20.984771,31.15797749,100,10
21.009782,31.10944794,100,10
21.034794,31.06335598,100,10
21.059805,31.01764348,100,10
21.084817,30.97193098,100,10
21.109829,30.92621848,100,10
21.13484,30.88050623,100,10
21.159852,30.83479373,100,10
21.184864,30.78908123,100,10
21.209875,30.74336873,100,10
21.234887,30.69765623,100,10
21.259899,30.65194397,100,10
21.28491,30.60516287,100,10
21.309922,30.55822117,100,10
21.334934,30.51127971,100,10
21.359945,30.46433826,100,10
21.384957,30.4173968,100,10
21.409969,30.37045535,100,10
21.43498,30.32351365,100,10
21.459992,30.27657219,100,10
21.485003,30.22963074,100,10
21.510015,30.18268928,100,10
21.535027,30.13816118,100,10
21.560038,30.09398243,100,10
21.58505,30.04980343,100,10
21.610062,30.00562468,100,10
21.635073,29.96144568,100,10
21.660085,29.91726692,100,10
21.685097,29.87308793,100,10
21.710108,29.82890917,100,10
21.73512,29.78473017,100,10
21.760132,29.74055142,100,10
21.785143,29.69502473,100,10
21.810155,29.64931076,100,10
21.835167,29.60359655,100,10
21.860178,29.55788234,100,10
21.88519,29.51216812,100,10
21.910201,29.46645416,100,10
21.935213,29.42073994,100,10
21.960225,29.37502573,100,10
21.985236,29.32931151,100,10
22.010248,29.2835973,100,10
22.03526,29.24062498,100,10
22.060271,29.1980189,100,10
22.085283,29.15541233,100,10
22.110295,29.11280502,100,10
22.135306,29.07019723,100,10
22.160318,29.0275887,100,10
22.18533,28.98497968,100,10
22.210341,28.94236992,100,10
22.235353,28.89975968,100,10
22.260364,28.8571487,100,10
22.285376,28.81284118,100,10
22.310388,28.76831601,100,10
22.335399,28.72379159,100,10
22.360411,28.67926789,100,10
22.385423,28.63474469,100,10
22.410434,28.59022222,100,10
22.435446,28.54570024,100,10
22.460458,28.50117875,100,10
22.485469,28.456658,100,10
22.510481,28.41213797,100,10
22.535493,28.36986435,100,10
22.560504,28.32786711,100,10
22.585516,28.28586914,100,10
22.610528,28.24387068,100,10
22.635539,28.20187149,100,10
22.660551,28.15987156,100,10
22.685562,28.11787139,100,10
22.710574,28.07587024,100,10
22.735586,28.03386884,100,10
22.760597,27.99186671,100,10
22.785609,27.94898424,100,10
22.810621,27.9059987,100,10
22.835632,27.86301389,100,10
22.860644,27.82002958,100,10
22.885656,27.77704599,100,10
22.910667,27.7340629,100,10
22.935679,27.6910803,100,10
22.960691,27.64809843,100,10
22.985702,27.6051173,100,10
23.010714,27.56213665,100,10
23.035725,27.52141269,100,10
23.060737,27.48094283,100,10
23.085749,27.440472,100,10
23.11076,27.40000092,100,10
23.135772,27.35952911,100,10
23.160784,27.31905656,100,10
23.185795,27.27858353,100,10
23.210807,27.23811,100,10
23.235819,27.19763574,100,10
23.26083,27.15716075,100,10
23.285842,27.1160867,100,10
23.310854,27.07494876,100,10
23.335865,27.03381155,100,10
23.360877,26.99267482,100,10
23.385889,26.95153884,100,10
23.4109,26.91040334,100,10
23.435912,26.86926833,100,10
23.460923,26.82813406,100,10
23.485935,26.78700052,100,10
23.510947,26.74586747,100,10
23.535958,26.70672132,100,10
23.56097,26.66777836,100,10
23.585982,26.62883491,100,10
23.610993,26.58989072,100,10
23.636005,26.55094605,100,10
23.661017,26.51200064,100,10
23.686028,26.47305474,100,10
23.71104,26.4341081,100,10
23.736052,26.39516098,100,10
23.761063,26.35621312,100,10
23.786075,26.31667184,100,10
23.811086,26.27707327,100,10
23.836098,26.23747544,100,10
23.86111,26.1978781,100,10
23.886121,26.15828124,100,10
23.911133,26.11868537,100,10
23.936145,26.07908974,100,10
23.961156,26.03949484,100,10
23.986168,25.99990068,100,10
24.01118,25.96030701,100,10
24.036191,25.9226968,100,10
24.061203,25.88526996,100,10
24.086215,25.84784312,100,10
24.111226,25.81041652,100,10
24.136238,25.77298968,100,10
24.16125,25.73556308,100,10
24.186261,25.69813624,100,10
24.211273,25.66070965,100,10
24.236284,25.62328281,100,10
24.261296,25.58585621,100,10
24.286308,25.54730886,100,10
24.311319,25.5086631,100,10
24.336331,25.47001636,100,10
24.361343,25.43136938,100,10
24.386354,25.39272166,100,10
24.411366,25.35407321,100,10
24.436378,25.31542427,100,10
24.461389,25.27677459,100,10
24.486401,25.23812442,100,10
24.511413,25.19947377,100,10
24.536424,25.16308419,100,10
24.561436,25.12688141,100,10
24.586448,25.09067887,100,10
24.611459,25.05447609,100,10
24.636471,25.01827331,100,10
24.661482,24.98207077,100,10
24.686494,24.94586799,100,10
24.711506,24.90966545,100,10
24.736517,24.87346267,100,10
24.761529,24.83726013,100,10
24.786541,24.80019439,100,10
24.811552,24.76306206,100,10
24.836564,24.72593021,100,10
24.861576,24.68879911,100,10
24.886587,24.65166849,100,10
24.911599,24.6145386,100,10
24.936611,24.57740945,100,10
24.961622,24.54028055,100,10
24.986634,24.50315262,100,10
25.011645,24.46602494,100,10
25.036657,24.43062196,100,10
25.061669,24.39534432,100,10
25.08668,24.36006595,100,10
25.111692,24.32478708,100,10
25.136704,24.28950749,100,10
25.161715,24.25422716,100,10
25.186727,24.21894658,100,10
25.211739,24.18366503,100,10
25.23675,24.14838323,100,10
25.261762,24.11310069,100,10
25.286774,24.07724236,100,10
25.311785,24.04134535,100,10
25.336797,24.00544907,100,10
25.361809,23.96955353,100,10
25.38682,23.93365407,100,10
25.411832,23.89775265,100,10
25.436843,23.8618505,100,10
25.461855,23.82594761,100,10
25.486867,23.79004423,100,10
25.511878,23.75414037,100,10
25.53689,23.71996732,100,10
25.561902,23.68590419,100,10
25.586913,23.65184082,100,10
25.611925,23.6177777,100,10
25.636937,23.58371457,100,10
25.661948,23.5496512,100,10
25.68696,23.51558807,100,10
25.711972,23.48152495,100,10
25.736983,23.44746182,100,10
25.761995,23.41339845,100,10
25.787006,23.37846551,100,10
25.812018,23.3434814,100,10
25.83703,23.30849729,100,10
25.862041,23.27351318,100,10
25.887053,23.23852932,100,10
25.912065,23.20354521,100,10
25.937076,23.1685611,100,10
25.962088,23.13357699,100,10
25.9871,23.09859288,100,10
26.012111,23.06360878,100,10
26.037123,23.03066468,100,10
26.062135,22.997831,100,10
26.087146,22.96499732,100,10
26.112158,22.9321634,100,10
26.13717,22.89932972,100,10
26.162181,22.86649604,100,10
26.187193,22.83366235,100,10
26.212204,22.80082843,100,10
26.237216,22.76799475,100,10
26.262228,22.73516107,100,10
26.287239,22.70115572,100,10
26.312251,22.66709259,100,10
26.337263,22.63302922,100,10
26.362274,22.59896609,100,10
26.387286,22.56490297,100,10
26.412298,22.5308396,100,10
26.437309,22.49677647,100,10
26.462321,22.46271334,100,10
26.487333,22.42864997,100,10
26.512344,22.39458685,100,10
26.537356,22.36259287,100,10
26.562367,22.33069217,100,10
26.587379,22.2987922,100,10
26.612391,22.26689272,100,10
26.637402,22.23499398,100,10
26.662414,22.20309572,100,10
26.687426,22.1711982,100,10
26.712437,22.13930117,100,10
26.737449,22.10740488,100,10
26.762461,22.07550907,100,10
26.787472,22.04269791,100,10
26.812484,22.0098493,100,10
26.837496,21.97700019,100,10
26.862507,21.94415035,100,10
26.887519,21.91130003,100,10
26.912531,21.87844896,100,10
26.937542,21.84559717,100,10
26.962554,21.81274512,100,10
26.987565,21.7798921,100,10
27.012577,21.74703884,100,10
27.037589,21.71627553,100,10
27.0626,21.68558738,100,10
27.087612,21.65489923,100,10
27.112624,21.62421108,100,10
27.137635,21.59352293,100,10
27.162647,21.56283478,100,10
27.187659,21.53214663,100,10
27.21267,21.50145873,100,10
27.237682,21.47077058,100,10
27.262694,21.44008243,100,10
27.287705,21.40818197,100,10
27.312717,21.37624283,100,10
27.337729,21.34430321,100,10
27.36274,21.31236284,100,10
27.387752,21.28042199,100,10
27.412763,21.24848041,100,10
27.437775,21.21653833,100,10
27.462787,21.18459577,100,10
27.487798,21.15265247,100,10
27.51281,21.12070843,100,10
27.537822,21.09031014,100,10
27.562833,21.0599542,100,10
27.587845,21.02959899,100,10
27.612857,20.99924428,100,10
27.637868,20.96889005,100,10
27.66288,20.93853656,100,10
27.687892,20.90818356,100,10
27.712903,20.87783129,100,10
27.737915,20.84747976,100,10
27.762926,20.81712847,100,10
27.787938,20.78611986,100,10
27.81295,20.75509559,100,10
27.837961,20.72407057,100,10
27.862973,20.69304532,100,10
27.887985,20.66201908,100,10
27.912996,20.63099236,100,10
27.938008,20.59996515,100,10
27.96302,20.56893744,100,10
27.988031,20.53790876,100,10
28.013043,20.50687983,100,10
28.038055,20.47742113,100,10
28.063066,20.44799205,100,10
28.088078,20.41856321,100,10
28.11309,20.38913511,100,10
28.138101,20.35970774,100,10
28.163113,20.33028086,100,10
28.188124,20.30085447,100,10
28.213136,20.27142882,100,10
28.238148,20.24200365,100,10
28.263159,20.21257922,100,10
28.288171,20.18281695,100,10
28.313183,20.15304978,100,10
28.338194,20.12328262,100,10
28.363206,20.09351545,100,10
28.388218,20.06374828,100,10
28.413229,20.03398111,100,10
28.438241,20.00421395,100,10
28.463253,19.97444678,100,10
28.488264,19.94467961,100,10
28.513276,19.91491269,100,10
28.538287,19.88666581,100,10
28.563299,19.85843361,100,10
28.588311,19.83020141,100,10
28.613322,19.80196946,100,10
28.638334,19.77373726,100,10
28.663346,19.74550507,100,10
28.688357,19.71727287,100,10
28.713369,19.68904092,100,10
28.738381,19.66080872,100,10
28.763392,19.63257653,100,10
28.788404,19.60373352,100,10
28.813416,19.57488734,100,10
28.838427,19.54604115,100,10
28.863439,19.51719497,100,10
28.888451,19.48834878,100,10
28.913462,19.4595026,100,10
28.938474,19.43065617,100,10
28.963485,19.40180998,100,10
28.988497,19.3729638,100,10
29.013509,19.34411762,100,10
29.03852,19.3170659,100,10
29.063532,19.2900159,100,10
29.088544,19.26296517,100,10
29.113555,19.23591394,100,10
29.138567,19.20886198,100,10
29.163579,19.18180954,100,10
29.18859,19.15475635,100,10
29.213602,19.12770268,100,10
29.238614,19.10064828,100,10
29.263625,19.07359093,100,10
29.288637,19.04570955,100,10
29.313649,19.0178289,100,10
29.33866,18.98994875,100,10
29.363672,18.96206908,100,10
29.388683,18.93419015,100,10
29.413695,18.90631195,100,10
29.438707,18.87843399,100,10
29.463718,18.85055702,100,10
29.48873,18.82268053,100,10
29.513742,18.79481678,100,10
29.538753,18.76868042,100,10
29.563765,18.74254357,100,10
29.588777,18.71640598,100,10
29.613788,18.6902679,100,10
29.6388,18.66412909,100,10
29.663812,18.63798979,100,10
29.688823,18.61184976,100,10
29.713835,18.58570924,100,10
29.738846,18.55956822,100,10
29.763858,18.53341374,100,10
29.78887,18.50615321,100,10
29.813881,18.4788934,100,10
29.838893,18.45163384,100,10
29.863905,18.42437526,100,10
29.888916,18.39711693,100,10
29.913928,18.36985957,100,10
29.93894,18.34260246,100,10
29.963951,18.31534609,100,10
29.988963,18.28809044,100,10
30.013975,18.26086198,100,10
30.038986,18.23533397,100,10
30.063998,18.20980523,100,10
30.08901,18.184276,100,10
30.114021,18.15874629,100,10
30.139033,18.13321583,100,10
30.164044,18.10768465,100,10
30.189056,18.08215297,100,10
30.214068,18.0566208,100,10
30.239079,18.0310879,100,10
30.264091,18.00553762,100,10
30.289103,17.97914396,100,10
30.314114,17.95275055,100,10
30.339126,17.92635689,100,10
30.364138,17.89996347,100,10
30.389149,17.87356981,100,10
30.414161,17.84717615,100,10
30.439173,17.82078274,100,10
30.464184,17.79438908,100,10
30.489196,17.76799542,100,10
30.514207,17.74163971,100,10
30.539219,17.71684026,100,10
30.564231,17.69204155,100,10
30.589242,17.66724333,100,10
30.614254,17.6424456,100,10
30.639266,17.61764861,100,10
30.664277,17.59285234,100,10
30.689289,17.56805657,100,10
30.714301,17.54326129,100,10
30.739312,17.51846674,100,10
30.764324,17.49365212,100,10
30.789336,17.46811677,100,10
30.814347,17.44258118,100,10
30.839359,17.41704485,100,10
30.864371,17.39150779,100,10
30.889382,17.36597023,100,10
30.914394,17.34043195,100,10
30.939405,17.31489317,100,10
30.964417,17.28935366,100,10
30.989429,17.26381366,100,10
31.01444,17.23832434,100,10
31.039452,17.21438345,100,10
31.064464,17.19044231,100,10
31.089475,17.16650142,100,10
31.114487,17.14256054,100,10
31.139499,17.11861965,100,10
31.16451,17.09467876,100,10
31.189522,17.07073762,100,10
31.214534,17.04679673,100,10
31.239545,17.02285585,100,10
31.264557,16.99888166,100,10
31.289568,16.97402175,100,10
31.31458,16.94916184,100,10
31.339592,16.92430192,100,10
31.364603,16.89944201,100,10
31.389615,16.8745821,100,10
31.414627,16.84972219,100,10
31.439638,16.82486227,100,10
31.46465,16.80000236,100,10
31.489662,16.77514245,100,10
31.514673,16.75034447,100,10
31.539685,16.72701782,100,10
31.564697,16.70369092,100,10
31.589708,16.68036426,100,10
31.61472,16.6570376,100,10
31.639732,16.6337107,100,10
31.664743,16.61038405,100,10
31.689755,16.58705715,100,10
31.714766,16.56373049,100,10
31.739778,16.54040383,100,10
31.76479,16.51704609,100,10
31.789801,16.49302906,100,10
31.814813,16.46901106,100,10
31.839825,16.44499281,100,10
31.864836,16.42097382,100,10
31.889848,16.3969541,100,10
31.91486,16.3729339,100,10
31.939871,16.34891295,100,10
31.964883,16.32489152,100,10
31.989895,16.30086936,100,10
32.014906,16.27691451,100,10
32.039918,16.25427994,100,10
32.06493,16.2316461,100,10
32.089941,16.20901275,100,10
32.114953,16.18638014,100,10
32.139964,16.16374801,100,10
32.164976,16.14111662,100,10
32.189988,16.11848572,100,10
32.214999,16.09585556,100,10
32.240011,16.07322588,100,10
32.265023,16.05055532,100,10
32.290034,16.02714494,100,10
32.315046,16.00373407,100,10
32.340058,15.98032246,100,10
32.365069,15.95691037,100,10
32.390081,15.93349754,100,10
32.415093,15.91008422,100,10
32.440104,15.88667016,100,10
32.465116,15.86325562,100,10
32.490127,15.83984034,100,10
32.515139,15.81649973,100,10
32.540151,15.79439934,100,10
32.565162,15.77229894,100,10
32.590174,15.7501988,100,10
32.615186,15.7280984,100,10
32.640197,15.70599801,100,10
32.665209,15.68389762,100,10
32.690221,15.66179747,100,10
32.715232,15.63969708,100,10
32.740244,15.61759668,100,10
32.765256,15.59543974,100,10
32.790267,15.57241616,100,10
32.815279,15.54939258,100,10
32.840291,15.52636876,100,10
32.865302,15.50334518,100,10
32.890314,15.4803216,100,10
32.915325,15.45729777,100,10
32.940337,15.4342742,100,10
32.965349,15.41125062,100,10
32.99036,15.38822704,100,10
33.015372,15.36532391,100,10
33.040384,15.34414278,100,10
33.065395,15.32296166,100,10
33.090407,15.30178053,100,10
33.115419,15.28059941,100,10
33.14043,15.25941828,100,10
33.165442,15.23823691,100,10
33.190454,15.21705579,100,10
33.215465,15.19587467,100,10
33.240477,15.17469379,100,10
33.265488,15.15346982,100,10
33.2905,15.13167495,100,10
33.315512,15.10987984,100,10
33.340523,15.08808497,100,10
33.365535,15.0662901,100,10
33.390547,15.04449523,100,10
33.415558,15.02270012,100,10
33.44057,15.00090525,100,10
33.465582,14.97911039,100,10
33.490593,14.95731527,100,10
33.515605,14.93561833,100,10
33.540617,14.91514985,100,10
33.565628,14.89468186,100,10
33.59064,14.87421461,100,10
33.615652,14.85374809,100,10
33.640663,14.83328206,100,10
33.665675,14.81281652,100,10
33.690686,14.79235172,100,10
33.715698,14.7718874,100,10
33.74071,14.75142382,100,10
33.765721,14.73090491,100,10
33.790733,14.70972697,100,10
33.815745,14.68854879,100,10
33.840756,14.66737084,100,10
33.865768,14.6461929,100,10
33.89078,14.62501471,100,10
33.915791,14.60383677,100,10
33.940803,14.58265859,100,10
33.965815,14.56148064,100,10
33.990826,14.5403027,100,10
34.015838,14.51921681,100,10
34.040849,14.49916182,100,10
34.065861,14.47910634,100,10
34.090873,14.45905013,100,10
34.115884,14.43899342,100,10
34.140896,14.41893598,100,10
34.165908,14.39887781,100,10
34.190919,14.37881939,100,10
34.215931,14.35876,100,10
34.240943,14.33870011,100,10
34.265954,14.31859591,100,10
34.290966,14.29802706,100,10
34.315978,14.27745846,100,10
34.340989,14.25688961,100,10
34.366001,14.236321,100,10
34.391013,14.21575215,100,10
34.416024,14.19518355,100,10
34.441036,14.1746147,100,10
34.466047,14.15404609,100,10
34.491059,14.13347724,100,10
34.516071,14.11300216,100,10
34.541082,14.09346666,100,10
34.566094,14.07393165,100,10
34.591106,14.05439737,100,10
34.616117,14.03486383,100,10
34.641129,14.01533078,100,10
34.666141,13.99579822,100,10
34.691152,13.97626639,100,10
34.716164,13.9567353,100,10
34.741176,13.93720445,100,10
34.766187,13.91763468,100,10
34.791199,13.89768447,100,10
34.816211,13.87773401,100,10
34.841222,13.8577838,100,10
34.866234,13.83783359,100,10
34.891245,13.81788314,100,10
34.916257,13.79793293,100,10
34.941269,13.77798247,100,10
34.96628,13.75803226,100,10
34.991292,13.73808181,100,10
35.016304,13.71824103,100,10
35.041315,13.69939933,100,10
35.066327,13.68055713,100,10
35.091339,13.66171421,100,10
35.11635,13.64287079,100,10
35.141362,13.62402664,100,10
35.166374,13.605182,100,10
35.191385,13.58633663,100,10
35.216397,13.56749076,100,10
35.241408,13.54864441,100,10
35.26642,13.5297464,100,10
35.291432,13.51040626,100,10
35.316443,13.49106612,100,10
35.341455,13.47172598,100,10
35.366467,13.45238584,100,10
35.391478,13.43304571,100,10
35.41649,13.41370557,100,10
35.441502,13.39436543,100,10
35.466513,13.37502529,100,10
35.491525,13.35568515,100,10
35.516537,13.33644367,100,10
35.541548,13.31802451,100,10
35.56656,13.29960511,100,10
35.591572,13.28118595,100,10
35.616583,13.26276655,100,10
35.641595,13.24434739,100,10
35.666606,13.22592799,100,10
35.691618,13.20750884,100,10
35.71663,13.18908943,100,10
35.741641,13.17067028,100,10
35.766653,13.15221685,100,10
35.791665,13.13348996,100,10
35.816676,13.11476308,100,10
35.841688,13.09603619,100,10
35.8667,13.07730931,100,10
35.891711,13.05858266,100,10
35.916723,13.03985578,100,10
35.941735,13.02112889,100,10
35.966746,13.00240201,100,10
35.991758,12.98367537,100,10
36.016769,12.96505498,100,10
36.041781,12.94724932,100,10
36.066793,12.9294439,100,10
36.091804,12.91163825,100,10
36.116816,12.89383259,100,10
36.141828,12.87602717,100,10
36.166839,12.85822152,100,10
36.191851,12.8404161,100,10
36.216863,12.82261044,100,10
36.241874,12.80480479,100,10
36.266886,12.78692568,100,10
36.291898,12.76850653,100,10
36.316909,12.75008737,100,10
36.341921,12.73166797,100,10
36.366933,12.71324881,100,10
36.391944,12.69482941,100,10
36.416956,12.67641025,100,10
36.441967,12.65799085,100,10
36.466979,12.63957169,100,10
36.491991,12.62115229,100,10
36.517002,12.60288516,100,10
36.542014,12.58569276,100,10
36.567026,12.5685006,100,10
36.592037,12.55130844,100,10
36.617049,12.53411604,100,10
36.642061,12.51692388,100,10
36.667072,12.49973147,100,10
36.692084,12.48253931,100,10
36.717096,12.46534715,100,10
36.742107,12.44815475,100,10
36.767119,12.430884,100,10
36.792131,12.41307688,100,10
36.817142,12.39526999,100,10
36.842154,12.37746287,100,10
36.867165,12.35965598,100,10
36.892177,12.3418491,100,10
36.917189,12.32404198,100,10
36.9422,12.30623509,100,10
36.967212,12.28842797,100,10
36.992224,12.27062108,100,10
37.017235,12.25297651,100,10
37.042247,12.23639907,100,10
37.067259,12.21982164,100,10
37.09227,12.20324396,100,10
37.117282,12.18666652,100,10
37.142294,12.17008908,100,10
37.167305,12.1535114,100,10
37.192317,12.13693396,100,10
37.217328,12.12035653,100,10
37.24234,12.10377884,100,10
37.267352,12.08707582,100,10
37.292363,12.06957593,100,10
37.317375,12.05207629,100,10
37.342387,12.03457664,100,10
37.367398,12.017077,100,10
37.39241,11.99957736,100,10
37.417422,11.98207771,100,10
37.442433,11.96457807,100,10
37.467445,11.94707843,100,10
37.492457,11.92957878,100,10
37.517468,11.91225149,100,10
37.54248,11.89597884,100,10
37.567492,11.87970644,100,10
37.592503,11.86343379,100,10
37.617515,11.84716139,100,10
37.642526,11.83088875,100,10
37.667538,11.81461634,100,10
37.69255,11.7983437,100,10
37.717561,11.78207105,100,10
37.742573,11.76579865,100,10
37.767585,11.74943763,100,10
37.792596,11.73255393,100,10
37.817608,11.71567023,100,10
37.84262,11.69878654,100,10
37.867631,11.68190309,100,10
37.892643,11.66501939,100,10
37.917655,11.64813569,100,10
37.942666,11.631252,100,10
37.967678,11.6143683,100,10
37.992689,11.5974846,100,10
38.017701,11.58073776,100,10
38.042713,11.56477259,100,10
38.067724,11.54880719,100,10
38.092736,11.53284202,100,10
38.117748,11.51687686,100,10
38.142759,11.5009117,100,10
38.167771,11.48494629,100,10
38.192783,11.46898113,100,10
38.217794,11.45301597,100,10
38.242806,11.43705056,100,10
38.267818,11.42103839,100,10
38.292829,11.40476575,100,10
38.317841,11.38849334,100,10
38.342853,11.3722207,100,10
38.367864,11.35594805,100,10
38.392876,11.33967565,100,10
38.417887,11.323403,100,10
38.442899,11.3071306,100,10
38.467911,11.29085796,100,10
38.492922,11.27458556,100,10
38.517934,11.25845759,100,10
38.542946,11.24310593,100,10
38.567957,11.22775427,100,10
38.592969,11.21240236,100,10
38.617981,11.19705069,100,10
38.642992,11.18169878,100,10
38.668004,11.16634712,100,10
38.693016,11.15099546,100,10
38.718027,11.13564355,100,10
38.743039,11.12029188,100,10
38.76805,11.10486727,100,10
38.793062,11.08906564,100,10
38.818074,11.0732645,100,10
38.843085,11.05746385,100,10
38.868097,11.04166394,100,10
38.893109,11.02586451,100,10
38.91812,11.01006582,100,10
38.943132,10.99426762,100,10
38.968144,10.97847015,100,10
38.993155,10.96267318,100,10
39.018167,10.94702553,100,10
39.043179,10.93212628,100,10
39.06819,10.91722654,100,10
39.093202,10.90232607,100,10
39.118214,10.88742486,100,10
39.143225,10.8725234,100,10
39.168237,10.85762097,100,10
39.193248,10.84271829,100,10
39.21826,10.82781463,100,10
39.243272,10.81291073,100,10
39.268283,10.79792995,100,10
39.293295,10.78257682,100,10
39.318307,10.76722393,100,10
39.343318,10.75187105,100,10
39.36833,10.73651816,100,10
39.393342,10.72116527,100,10
39.418353,10.70581214,100,10
39.443365,10.69045925,100,10
39.468377,10.67510636,100,10
39.493388,10.65975347,100,10
39.5184,10.64456094,100,10
39.543412,10.63013148,100,10
39.568423,10.61570178,100,10
39.593435,10.60127207,100,10
39.618446,10.58684262,100,10
39.643458,10.57241291,100,10
39.66847,10.55798321,100,10
39.693481,10.54355375,100,10
39.718493,10.52912405,100,10
39.743505,10.51469435,100,10
39.768516,10.50018631,100,10
39.793528,10.48531619,100,10
39.81854,10.4704468,100,10
39.843551,10.45557766,100,10
39.868563,10.4407095,100,10
39.893575,10.42584183,100,10
39.918586,10.41097465,100,10
39.943598,10.39610821,100,10
39.968609,10.38124225,100,10
39.993621,10.36637703,100,10
40.018633,10.35167142,100,10
40.043644,10.33767993,100,10
40.068656,10.32368771,100,10
40.093668,10.309695,100,10
40.118679,10.29570155,100,10
40.143691,10.28170761,100,10
40.168703,10.26771294,100,10
40.193714,10.25371778,100,10
40.218726,10.23972188,100,10
40.243738,10.2257255,100,10
40.268749,10.21164783,100,10
40.293761,10.19721838,100,10
40.318773,10.18278867,100,10
40.343784,10.16835897,100,10
40.368796,10.15392951,100,10
40.393807,10.13949981,100,10
40.418819,10.12507035,100,10
40.443831,10.11064065,100,10
40.468842,10.09621095,100,10
40.493854,10.08178149,100,10
40.518866,10.06750333,100,10
40.543877,10.05386926,100,10
40.568889,10.04023594,100,10
40.593901,10.0266031,100,10
40.618912,10.01297075,100,10
40.643924,9.99933913,100,10
40.668936,9.985708249,100,10
40.693947,9.972077858,100,10
40.718959,9.958447956,100,10
40.74397,9.944818788,100,10
40.768982,9.931117891,100,10
40.793994,9.917117099,100,10
40.819005,9.903115818,100,10
40.844017,9.889114046,100,10
40.869029,9.875111541,100,10
40.89404,9.861108546,100,10
40.919052,9.847104816,100,10
40.944064,9.833100597,100,10
40.969075,9.819095643,100,10
40.994087,9.8050902,100,10
41.019099,9.791220627,100,10
41.04411,9.777900167,100,10
41.069122,9.764580442,100,10
41.094134,9.751261451,100,10
41.119145,9.73794295,100,10
41.144157,9.724624939,100,10
41.169168,9.711307662,100,10
41.19418,9.697991119,100,10
41.219192,9.684675066,100,10
41.244203,9.671359502,100,10
41.269215,9.658005504,100,10
41.294227,9.644498252,100,10
41.319238,9.630991001,100,10
41.34425,9.61748375,100,10
41.369262,9.603976499,100,10
41.394273,9.590469248,100,10
41.419285,9.576961997,100,10
41.444297,9.563454746,100,10
41.469308,9.549947495,100,10
41.49432,9.536440243,100,10
41.519331,9.523060295,100,10
41.544343,9.510166787,100,10
41.569355,9.497273279,100,10
41.594366,9.484379771,100,10
41.619378,9.471486508,100,10
41.64439,9.458593001,100,10
41.669401,9.445699493,100,10
41.694413,9.43280623,100,10
41.719425,9.419912722,100,10
41.744436,9.407019215,100,10
41.769448,9.394060832,100,10
41.79446,9.380860575,100,10
41.819471,9.367660073,100,10
41.844483,9.354459571,100,10
41.869495,9.341259069,100,10
41.894506,9.328058812,100,10
41.919518,9.31485831,100,10
41.944529,9.301657809,100,10
41.969541,9.288457552,100,10
41.994553,9.27525705,100,10
42.019564,9.262188991,100,10
42.044576,9.249602722,100,10
42.069588,9.237016209,100,10
42.094599,9.224429695,100,10
42.119611,9.211843181,100,10
42.144623,9.199256913,100,10
42.169634,9.186670399,100,10
42.194646,9.174083885,100,10
42.219658,9.161497372,100,10
42.244669,9.148910858,100,10
42.269681,9.136257021,100,10
42.294693,9.123363514,100,10
42.319704,9.110470251,100,10
42.344716,9.097576743,100,10
42.369727,9.084683235,100,10
42.394739,9.071789972,100,10
42.419751,9.058896465,100,10
42.444762,9.046002957,100,10
42.469774,9.033109449,100,10
42.494786,9.020216186,100,10
42.519797,9.007460263,100,10
42.544809,8.995180743,100,10
42.569821,8.982901224,100,10
42.594832,8.970621704,100,10
42.619844,8.958342185,100,10
42.644856,8.946062665,100,10
42.669867,8.933783146,100,10
42.694879,8.921503871,100,10
42.71989,8.909224352,100,10
42.744902,8.896944832,100,10
42.769914,8.884595296,100,10
42.794925,8.872008048,100,10
42.819937,8.859420555,100,10
42.844949,8.846833307,100,10
42.86996,8.834246059,100,10
42.894972,8.821658811,100,10
42.919984,8.809071563,100,10
42.944995,8.796484315,100,10
42.970007,8.783897067,100,10
42.995019,8.771309819,100,10
43.02003,8.758865296,100,10
43.045042,8.746892771,100,10
43.070054,8.734920246,100,10
43.095065,8.72294772,100,10
43.120077,8.710975195,100,10
43.145088,8.699002669,100,10
43.1701,8.687030144,100,10
43.195112,8.675057619,100,10
43.220123,8.663085093,100,10
43.245135,8.651112568,100,10
43.270147,8.639139798,100,10
43.295158,8.627167272,100,10
43.32017,8.615194747,100,10
43.345182,8.603222221,100,10
43.370193,8.591249696,100,10
43.395205,8.579277171,100,10
43.420217,8.567304645,100,10
43.445228,8.55533212,100,10
43.47024,8.543359594,100,10
43.495251,8.531387069,100,10
43.520263,8.519488232,100,10
43.545275,8.507821721,100,10
43.570286,8.496155456,100,10
43.595298,8.484488945,100,10
43.62031,8.472822679,100,10
43.645321,8.461156169,100,10
43.670333,8.449489903,100,10
43.695345,8.437823393,100,10
43.720356,8.426157127,100,10
43.745368,8.414490616,100,10
43.77038,8.402803786,100,10
43.795391,8.391053795,100,10
43.820403,8.379304538,100,10
43.845415,8.367555771,100,10
43.870426,8.355807493,100,10
43.895438,8.34405995,100,10
43.920449,8.332313141,100,10
43.945461,8.320566822,100,10
43.970473,8.308820992,100,10
43.995484,8.297075897,100,10
44.020496,8.285448067,100,10
44.045508,8.274172031,100,10
44.070519,8.262895261,100,10
44.095531,8.251618002,100,10
44.120543,8.240340252,100,10
44.145554,8.229061769,100,10
44.170566,8.21778255,100,10
44.195578,8.206502843,100,10
44.220589,8.195222645,100,10
44.245601,8.183941714,100,10
44.270612,8.172562857,100,10
44.295624,8.160896346,100,10
44.320636,8.149229836,100,10
44.345647,8.13756357,100,10
44.370659,8.12589706,100,10
44.395671,8.114230549,100,10
44.420682,8.102564283,100,10
44.445694,8.090897773,100,10
44.470706,8.079231507,100,10
44.495717,8.067564997,100,10
44.520729,8.056116124,100,10
44.545741,8.045296173,100,10
44.570752,8.034476711,100,10
44.595764,8.023657984,100,10
44.620776,8.012839747,100,10
44.645787,8.002021999,100,10
44.670799,7.991204986,100,10
44.69581,7.980388707,100,10
44.720822,7.969572918,100,10
44.745834,7.958757618,100,10
44.770845,7.947820402,100,10
44.795857,7.936536533,100,10
44.820869,7.925251929,100,10
44.84588,7.913966835,100,10
44.870892,7.902681252,100,10
44.895904,7.891394934,100,10
44.920915,7.880107882,100,10
44.945927,7.86882034,100,10
44.970939,7.857532309,100,10
44.99595,7.846243543,100,10
45.020962,7.835161888,100,10
45.045974,7.824654073,100,10
45.070985,7.814146746,100,10
45.095997,7.803640154,100,10
45.121008,7.793134297,100,10
45.14602,7.782628685,100,10
45.171032,7.772124051,100,10
45.196043,7.761619908,100,10
45.221055,7.751116253,100,10
45.246067,7.740613334,100,10
45.271078,7.729981154,100,10
45.29609,7.718997913,100,10
45.321102,7.708014183,100,10
45.346113,7.697029718,100,10
45.371125,7.686044764,100,10
45.396137,7.675059075,100,10
45.421148,7.664072897,100,10
45.44616,7.653085984,100,10
45.471171,7.642098582,100,10
45.496183,7.631110445,100,10
45.521195,7.620339212,100,10
45.546206,7.610144021,100,10
45.571218,7.599949564,100,10
45.59623,7.589755597,100,10
45.621241,7.579562119,100,10
45.646253,7.569369376,100,10
45.671265,7.559177368,100,10
45.696276,7.548985849,100,10
45.721288,7.53879482,100,10
45.7463,7.528604525,100,10
45.771311,7.518277625,100,10
45.796323,7.507594524,100,10
45.821335,7.496910688,100,10
45.846346,7.486226363,100,10
45.871358,7.475541303,100,10
45.896369,7.464855754,100,10
45.921381,7.454169715,100,10
45.946393,7.443482942,100,10
45.971404,7.432795434,100,10
45.996416,7.422107681,100,10
46.021428,7.411576363,100,10
46.046439,7.401445068,100,10
46.071451,7.391313773,100,10
46.096463,7.381182723,100,10
46.121474,7.371051428,100,10
46.146486,7.360920132,100,10
46.171498,7.350788837,100,10
46.196509,7.340657787,100,10
46.221521,7.330526492,100,10
46.246532,7.320395196,100,10
46.271544,7.310248233,100,10
46.296556,7.3000621,100,10
46.321567,7.289876457,100,10
46.346579,7.279691548,100,10
46.371591,7.269507128,100,10
46.396602,7.259323443,100,10
46.421614,7.249140248,100,10
46.446626,7.238957787,100,10
46.471637,7.228775816,100,10
46.496649,7.218594334,100,10
46.521661,7.208517877,100,10
46.546672,7.198696269,100,10
46.571684,7.188874661,100,10
46.596696,7.179053053,100,10
46.621707,7.169231445,100,10
46.646719,7.159409836,100,10
46.67173,7.149587983,100,10
46.696742,7.139766375,100,10
46.721754,7.129944767,100,10
46.746765,7.120123159,100,10
46.771777,7.110211215,100,10
46.796789,7.100082858,100,10
46.8218,7.089954745,100,10
46.846812,7.079826633,100,10
46.871824,7.06969852,100,10
46.896835,7.059570407,100,10
46.921847,7.049442295,100,10
46.946859,7.039314182,100,10
46.97187,7.029185825,100,10
46.996882,7.019057712,100,10
47.021894,7.009112963,100,10
47.046905,6.99959737,100,10
47.071917,6.990082022,100,10
47.096928,6.980566428,100,10
47.12194,6.971050835,100,10
47.146952,6.961535487,100,10
47.171963,6.952019893,100,10
47.196975,6.942504545,100,10
47.221987,6.932988952,100,10
47.246998,6.923473603,100,10
47.27201,6.913865226,100,10
47.297022,6.904043618,100,10
47.322033,6.89422201,100,10
47.347045,6.884400402,100,10
47.372057,6.874578793,100,10
47.397068,6.864757185,100,10
47.42208,6.854935577,100,10
47.447091,6.845113969,100,10
47.472103,6.835292361,100,10
47.497115,6.825470753,100,10
47.522126,6.815743152,100,10
47.547138,6.806227559,100,10
47.57215,6.796712211,100,10
47.597161,6.787196617,100,10
47.622173,6.777681269,100,10
47.647185,6.768165676,100,10
47.672196,6.758650327,100,10
47.697208,6.749134734,100,10
47.72222,6.739619385,100,10
47.747231,6.730103792,100,10
47.772243,6.720492967,100,10
47.797255,6.710671359,100,10
47.822266,6.700849751,100,10
47.847278,6.691028142,100,10
47.872289,6.681206534,100,10
47.897301,6.671384926,100,10
47.922313,6.661563318,100,10
47.947324,6.65174171,100,10
47.972336,6.641920102,100,10
47.997348,6.632098249,100,10
48.022359,6.622470042,100,10
48.047371,6.613260708,100,10
48.072383,6.604051375,100,10
48.097394,6.594842041,100,10
48.122406,6.585632708,100,10
48.147418,6.576423374,100,10
48.172429,6.56721404,100,10
48.197441,6.558004707,100,10
48.222452,6.548795373,100,10
48.247464,6.539586039,100,10
48.272476,6.53037744,100,10
48.297487,6.521170555,100,10
48.322499,6.511963669,100,10
48.347511,6.502756784,100,10
48.372522,6.493549898,100,10
48.397534,6.484343013,100,10
48.422546,6.475136127,100,10
48.447557,6.465929242,100,10
48.472569,6.456722356,100,10
48.497581,6.447515471,100,10
48.522592,6.438407,100,10
48.547604,6.429503926,100,10
48.572616,6.420601097,100,10
48.597627,6.411698023,100,10
48.622639,6.402794949,100,10
48.64765,6.39389212,100,10
48.672662,6.384989046,100,10
48.697674,6.376085972,100,10
48.722685,6.367182898,100,10
48.747697,6.358280069,100,10
48.772709,6.349470268,100,10
48.79772,6.3408524,100,10
48.822732,6.332235022,100,10
48.847744,6.323618377,100,10
48.872755,6.315002223,100,10
48.897767,6.306386803,100,10
48.922779,6.297771873,100,10
48.94779,6.289157677,100,10
48.972802,6.280543971,100,10
48.997813,6.271930754,100,10
49.022825,6.263230384,100,10
49.047837,6.254352771,100,10
49.072848,6.245474423,100,10
49.09786,6.236595585,100,10
49.122872,6.227716258,100,10
49.147883,6.218836196,100,10
49.172895,6.209955645,100,10
49.197907,6.201074359,100,10
49.222918,6.192192339,100,10
49.24793,6.183310074,100,10
49.272942,6.174208213,100,10
49.297953,6.164675728,100,10
49.322965,6.155143732,100,10
49.347977,6.145612471,100,10
49.372988,6.136081699,100,10
49.398,6.126551417,100,10
49.423011,6.117022115,100,10
49.448023,6.107493057,100,10
49.473035,6.097964733,100,10
49.498046,6.088436899,100,10
49.523058,6.077456352,100,10
49.54807,6.063662181,100,10
49.573081,6.049867521,100,10
49.598093,6.036072126,100,10
49.623105,6.022276242,100,10
49.648116,6.008479868,100,10
49.673128,5.994682759,100,10
49.69814,5.980884916,100,10
49.723151,5.967086584,100,10

